3D_Animator	d animator
Acupuncturist	acupuncturist
Aerospace_Engineer	aerospace engineer
Agronomist	agronomist
Airline_Pilot	airline pilot
Analog_Design_Engineer	analog design engineer
Anesthesiologist	anesthesiologist
Archivist	archivist
Attorney	attorney
Automation_Engineer	automation engineer
Automotive_Engineer	automotive engineer
Baker	baker
Banker	banker
Bartender	bartender
Biomedical_Engineer	biomedical engineer
Broadcast_Engineer	broadcast engineer
Business_Strategy_Consultant	business strategy consultant
Cameraman	cameraman
Carpenter	carpenter
Cashier	cashier
Caterer	caterer
Chemical_Operator	chemical operator
Civil_Engineer	civil engineer
Composer	composer
Computer_Repair_Technician	computer repair technician
Cook	cook
Copywriter	copywriter
Custodian	custodian
Dancer	dancer
Dentist	dentist
Desktop_Support_Technician	desktop support technician
Dog_Groomer	dog groomer
Dog_Trainer	dog trainer
Drilling_Engineer	drilling engineer
Electronic_Engineer	electronic engineer
Elementary_School_Teacher	elementary school teacher
Environment_Artist	environment artist
Equity_Trader	equity trader
Exploration_Geologist	exploration geologist
Fashion_Designer	fashion designer
Film_Director	film director
Firefighter	firefighter
Food_Technologist	food technologist
Forklift_Operator	forklift operator
Front_Desk_Supervisor	front desk supervisor
Fundraiser	fundraiser
Gallery_Director	gallery director
Graphic_Designer	graphic designer
Hairstylist	hairstylist
Hydrogeologist	hydrogeologist
Import_Export_Specialist	import export specialist
Insurance_Broker	insurance broker
Interior_Decorator	interior decorator
Investment_Banking_Analyst	investment banking analyst
Java_Developer	java developer
Kindergarten_Teacher	kindergarten teacher
Lawyer	lawyer
Letter_Carrier	letter carrier
Loan_Officer	loan officer
Logistics_Specialist	logistics specialist
Makeup_Artist	makeup artist
Mechanical_Engineer	mechanical engineer
Media_Buyer	media buyer
Mediator	mediator
Metallurgist	metallurgist
Nanny	nanny
Network_Engineer	network engineer
Network_Security_Analyst	network security analyst
News_Anchor	news anchor
Personal_Fitness_Trainer	personal fitness trainer
Pharmacist	pharmacist
Photographer	photographer
Plumber	plumber
Police_Detective	police detective
Policy_Advisor	policy advisor
Portfolio_Analyst	portfolio analyst
Private_Equity_Analyst	private equity analyst
Private_Investigator	private investigator
Professor_of_History	professor of history
Psychotherapist	psychotherapist
Public_Relations_Executive	public relations executive
Publisher	publisher
Radiologic_Technologist	radiologic technologist
Realtor	realtor
Registered_Nurse	registered nurse
Seaman	seaman
Singer	singer
Sports_Coach	sports coach
Talent_Acquisition	talent acquisition
Tax_Accountant	tax accountant
Technical_Recruiter	technical recruiter
Technical_Support_Representative	technical support representative
Telecommunications_Engineer	telecommunications engineer
Textile_Designer	textile designer
Trade_Marketing_Analyst	trade marketing analyst
Translator	translator
Travel_Agent	travel agent
Truck_Driver	truck driver
Urban_Designer	urban designer
Veterinarian	veterinarian
Video_Editor	video editor
Web_Developer	web developer
Wedding_Planner	wedding planner
Wireless_Engineer	wireless engineer
iOS_Developer	ios developer
